{"year":1960,"male":10811.604546324279,"female":11600.371472732948}{"year":1961,"male":10975.836663380764,"female":11777.44566994806}{"year":1962,"male":11053.325421779664,"female":11860.19647938548}{"year":1963,"male":11072.69206175575,"female":11884.244061267305}{"year":1964,"male":11172.4016752523,"female":11989.772659453698}{"year":1965,"male":11324.002773326543,"female":12151.859547934257}{"year":1966,"male":11419.265796850184,"female":12249.68694643034}{"year":1967,"male":11501.888995032416,"female":12341.13535247842}{"year":1968,"male":11576.461667038371,"female":12426.353476794944}{"year":1969,"male":11647.171022373055,"female":12509.550994452791}{"year":1970,"male":11792.543461246898,"female":12675.39359590386}{"year":1971,"male":11796.585762695267,"female":12686.51055318038}{"year":1972,"male":11871.859575272601,"female":12768.121931283617}{"year":1973,"male":12009.955687696329,"female":12924.217432398244}{"year":1974,"male":12007.047741933082,"female":12927.856404264292}{"year":1975,"male":12071.661546955032,"female":13005.152322529162}{"year":1976,"male":12141.857411306719,"female":13084.431740688806}{"year":1977,"male":12211.693374439483,"female":13167.848894066308}{"year":1978,"male":12411.261774197685,"female":13391.55279163217}{"year":1979,"male":12407.491642611012,"female":13398.084790590994}{"year":1980,"male":12542.728651895091,"female":13553.012460841135}{"year":1981,"male":12613.919055516106,"female":13632.471666252544}{"year":1982,"male":12960.279079042428,"female":14000.866870530765}{"year":1983,"male":12826.305861152878,"female":13863.74086521669}{"year":1984,"male":12895.152132270363,"female":13938.79711786763}{"year":1985,"male":12959.133845148512,"female":14001.444354227815}{"year":1986,"male":13103.613090502864,"female":14147.932150970388}{"year":1987,"male":13431.027770343482,"female":14493.099782916868}{"year":1988,"male":13205.159330319619,"female":14251.524850691401}{"year":1989,"male":13250.300483744602,"female":14299.840634517406}{"year":1990,"male":13416.251356169649,"female":14487.113200961949}{"year":1991,"male":13525.312569900587,"female":14602.570983862735}{"year":1992,"male":13626.684210443955,"female":14704.338566047392}{"year":1993,"male":13445.079628524683,"female":14511.478450152505}{"year":1994,"male":13628.802058088877,"female":14709.435582392176}{"year":1995,"male":13661.198503769483,"female":14742.673617934539}{"year":1996,"male":13728.363473825524,"female":14794.72330536373}{"year":1997,"male":14061.908730545318,"female":15137.97293389893}{"year":1998,"male":13836.156488133502,"female":14883.112697225015}{"year":1999,"male":13953.018794013917,"female":14990.601599764486}{"year":2000,"male":14219.868278066462,"female":15269.630558460856}{"year":2001,"male":14155.205127862175,"female":15188.882661357153}{"year":2002,"male":14495.90484132807,"female":15553.40572939853}{"year":2003,"male":14340.999598654462,"female":15373.91061683698}{"year":2004,"male":14422.622972698371,"female":15459.049700970701}{"year":2005,"male":14551.796715020208,"female":15597.661544275725}{"year":2006,"male":14639.87894295023,"female":15683.088094966275}{"year":2007,"male":14786.723545925548,"female":15839.963330269478}{"year":2008,"male":14866.472452558686,"female":15922.275794460045}{"year":2009,"male":14948.607588593091,"female":16000.088485167818}{"year":2010,"male":14877.760822288794,"female":15915.987491016582}{"year":2011,"male":15025.709725248193,"female":16077.42834422491}{"year":2012,"male":14867.543769191418,"female":15898.172896584214}{"year":2013,"male":14925.339651148095,"female":15953.230907683412}{"year":2014,"male":0,"female":0}{"year":2015,"male":0,"female":0}